Sum of weight,Column Labels,,,,,,,,,,,,,,,,,,,,,,,,,,,,,,,,,,,,,,,,,,,
Row Labels,ARE,ARG,AUS,BGD,BRA,CAN,CHE,CHL,CHN,COL,CZE,DNK,DZA,G163,GBR,HKG,HUN,IDN,IND,ISL,ISR,JPN,KHM,KOR,MEX,MYS,NOR,NZL,PAK,PER,PHL,POL,ROU,RUS,SAU,SGP,SWE,THA,TUR,USA,VEN,VNM,ZAF,Grand Total
01/01/1998,1,1,1,1,1,1,1,1,1,1,1,1,0.991439432,1,1,1,0.99395043,1,1,1,1,1,0.957732589,1,1,1,1,1,1,1,0.98540739,1,1,1,1,1,1,1,1,1,1,1,,41.92852984
01/01/1999,1,0.985001186,1,1,1,1,1,1,1,1,1,1,1,1,1,1,1,1,1,1,1,1,1,1,1,1,1,1,1,1,1,1,1,1,1,1,1,1,0.993996291,1,0.9911565,1,,41.97015398
01/01/2000,0.982903862,0.987211179,1,1,1,1,1,1,1,1,1,1,0.997990433,1,1,1,1,1,1,1,1,1,1,1,1,1,1,1,1,1,1,1,1,1,1,1,1,0.998081585,0.993849411,1,0.992947521,1,0.979358865,42.93234286
01/01/2001,0.991679987,0.992327761,1,1,1,1,1,1,1,1,1,1,0.992700177,1,1,1,1,1,1,1,1,1,1,1,1,1,1,1,1,1,1,1,1,1,1,1,1,1,0.994620246,1,0.994084386,1,0.979280815,42.94469337
01/01/2002,0.995889174,1,1,0.977366066,1,1,1,1,1,1,1,1,0.992433968,1,1,1,1,1,1,1,1,1,0.997179476,1,1,1,1,1,1,1,1,1,1,1,1,1,1,1,1,1,1,1,0.983566493,42.94643518
01/01/2003,0.987136292,0.99256171,1,0.980076256,1,1,1,1,1,1,1,1,0.989321584,1,1,1,1,1,1,1,0.989765637,1,1,1,1,1,1,1,1,1,1,1,1,1,1,0.970583693,1,1,1,1,1,1,1,42.90944517
01/01/2004,0.978413768,0.996235083,1,0.981514565,1,1,1,0.998176068,1,1,1,1,1,1,1,1,1,1,1,1,0.989302298,1,0.993282044,1,1,1,1,1,0.996055377,1,1,1,1,1,1,0.942484425,1,1,1,1,1,1,1,42.87546363
01/01/2005,1,0.996574496,1,1,1,1,1,1,1,1,1,1,1,1,1,1,1,1,1,1,0.988593051,1,0.986589626,1,1,1,1,1,0.996055377,1,1,1,1,1,1,1,1,1,1,1,1,1,0.973601083,42.94141363
01/01/2006,1,0.991504728,1,1,1,1,1,1,1,1,1,1,1,1,1,1,1,1,1,1,1,1,1,1,1,1,1,1,0.992506864,1,1,1,1,1,1,1,1,1,1,1,1,1,0.973484366,42.95749596
01/01/2007,1,1,1,1,1,1,1,1,1,1,1,1,1,1,1,1,1,1,1,1,1,1,1,1,1,1,1,1,0.993002435,1,1,1,1,1,1,1,1,1,1,1,0.982379261,1,0.97599068,42.95137238
01/01/2008,1,1,1,1,1,1,1,1,1,1,1,1,1,1,1,1,1,1,1,1,1,1,1,1,1,1,1,1,1,1,1,1,1,1,1,1,1,1,1,1,0.987965778,1,1,42.98796578
01/01/2009,1,1,1,1,1,1,1,1,1,1,1,1,1,1,1,1,1,1,1,1,1,1,1,1,1,1,1,1,0.993600941,1,1,1,1,1,1,1,1,1,1,1,1,1,1,42.99360094
01/01/2010,1,1,1,1,1,1,1,1,1,1,1,1,1,1,1,1,1,1,1,1,1,1,1,1,1,1,1,1,0.993442951,1,1,1,1,1,1,1,1,1,1,1,1,1,1,42.99344295
01/01/2011,0.987690995,1,1,1,1,1,1,1,1,1,1,1,1,1,1,1,1,1,1,0.998212817,1,1,1,1,1,1,1,1,0.993144974,1,1,1,1,1,1,1,1,1,1,1,1,1,1,42.97904879
01/01/2012,0.987835464,1,1,1,1,1,1,1,1,1,1,1,0.989996495,1,1,1,1,1,1,0.998212817,1,1,1,1,1,1,1,1,1,1,1,1,1,1,1,1,1,1,1,1,0.967578866,1,1,42.94362364
01/01/2013,0.988563582,1,1,1,1,1,1,1,1,1,1,1,0.994540535,1,1,1,1,1,1,1,1,1,1,1,1,1,0.986344061,1,1,1,1,1,1,1,1,1,1,1,1,1,0.958990703,1,1,42.92843888
01/01/2014,1,1,1,1,1,1,1,1,1,1,1,1,0.998013385,1,1,1,1,1,1,1,1,1,1,1,1,1,0.991979757,1,1,1,1,1,1,1,1,1,1,1,1,1,0.954199346,1,1,42.94419249
01/01/2015,1,1,1,1,1,1,1,1,1,1,1,1,0.997853336,1,1,1,1,1,1,1,1,1,0.97938821,1,1,1,1,1,1,1,1,1,1,1,1,1,1,1,1,1,1,1,1,42.97724155
01/01/2016,1,1,1,1,1,1,1,1,1,1,1,1,0.989159224,1,1,1,1,1,1,1,1,1,0.988252919,1,1,1,0.996925322,1,1,1,1,1,1,1,1,1,1,1,1,1,1,1,1,42.97433747
01/01/2017,1,1,1,1,1,1,1,1,1,1,1,1,0.887693139,1,1,1,1,1,1,1,1,1,0.998162692,1,1,1,0.991218798,1,0.994582557,1,1,1,1,1,1,1,1,1,1,1,1,1,1,42.87165719
01/01/2018,1,1,1,1,1,1,1,1,1,1,1,1,0.951161402,1,1,1,1,1,1,1,1,1,0.994447223,1,1,1,1,1,0.997257712,0.994231242,1,1,1,1,1,1,1,1,1,1,1,1,1,42.93709758
01/01/2019,1,1,1,1,1,1,1,1,1,1,1,1,0.910951072,1,1,1,1,1,1,1,1,1,0.992375164,1,1,1,1,1,1,0.997659882,1,1,1,1,1,1,1,1,1,1,1,1,1,42.90098612
01/01/2020,1,1,0.988987785,1,1,1,1,1,1,1,1,1,0.8703525,1,1,1,1,1,1,1,1,1,0.998217067,1,1,1,0.896617396,1,0.997215904,0.997669657,1,1,1,1,1,1,1,1,1,1,1,1,1,42.74906031
01/01/2021,1,1,0.995289611,1,1,1,1,0.994223735,1,1,1,1,1,1,1,1,1,1,1,1,0.99699603,1,0.982580805,1,1,1,0.897675274,1,0.994199774,0.995413096,1,1,1,1,1,1,1,1,1,1,1,1,1,42.85637833
01/01/2022,1,1,0.991569988,1,1,1,1,0.997035876,1,1,1,1,0.99188573,1,1,1,1,1,1,1,0.991331639,1,0.984475351,1,1,1,0.883006204,1,1,1,1,1,1,1,1,1,1,1,1,1,1,1,1,42.83930479
01/01/2023,1,1,0.983531277,1,1,1,1,1,1,1,1,1,0.987776703,1,1,1,1,1,1,1,1,1,0.975490347,1,1,1,1,1,0.99698387,1,1,1,1,1,1,1,1,1,1,1,1,1,1,42.9437822
01/01/2024,1,1,1,1,1,1,1,1,1,1,1,1,1,1,1,1,1,1,1,1,1,1,0.985370674,1,1,1,1,1,1,1,1,1,1,1,1,1,1,1,1,1,1,1,1,42.98537067
Grand Total,26.90011312,26.94141614,26.95937866,26.93895689,27,27,27,26.98943568,27,27,27,27,26.53326911,27,27,27,26.99395043,27,27,26.99642563,26.95598865,27,26.81354419,27,27,27,26.64376681,27,26.93804874,26.98497388,26.98540739,27,27,27,27,26.91306812,27,26.99808159,26.98246595,27,26.82930236,27,24.8652823,1157.162876
